{"stats":{"minecraft:used":{"majruszsdifficulty:enderium_sword":4,"minecraft:red_sand":38,"majruszsdifficulty:enderium_shovel":1,"minecraft:bone_block":7,"minecraft:chest":16,"minecraft:shield":37,"minecraft:iron_sword":230,"minecraft:bell":1,"minecraft:mutton":1,"minecraft:carrot":29,"minecraft:obsidian":1,"minecraft:stone_bricks":3,"minecraft:item_frame":1,"minecraft:birch_trapdoor":1,"minecraft:golden_sword":3,"minecraft:furnace":2,"immersive_aircraft:biplane":3,"minecraft:golden_boots":1,"dummmmmmy:target_dummy":1,"minecraft:stone_pickaxe":34,"minecraft:dark_oak_sign":1,"minecraft:gray_carpet":1,"minecraft:oak_planks":1,"minecraft:wooden_pickaxe":18,"minecraft:composter":1,"minecraft:diamond_axe":310,"minecraft:golden_apple":1,"minecraft:dark_oak_trapdoor":2,"simplyswords:iron_chakram":3,"simplyswords:iron_halberd":247,"minecraft:bread":80,"minecraft:cyan_bed":3,"minecraft:lectern":155,"wizards:wand_fire":1,"minecraft:diamond_sword":303,"minecraft:fire_charge":1,"minecraft:smithing_table":1,"minecraft:smooth_stone_slab":2,"minecraft:acacia_log":2,"minecraft:spruce_planks":2,"minecraft:netherrack":5,"minecraft:torch":46,"minecraft:dirt":97,"minecraft:anvil":2,"simplyswords:iron_katana":4,"minecraft:diamond_helmet":2,"minecraft:golden_shovel":34,"minecraft:iron_hoe":10,"minecraft:brown_terracotta":15,"minecraft:dark_oak_planks":4,"minecraft:bookshelf":15,"minecraft:iron_axe":365,"minecraft:smooth_sandstone":172,"minecraft:acacia_slab":2,"minecraft:smooth_quartz":1,"minecraft:bamboo":12,"minecraft:diamond_chestplate":2,"minecraft:golden_carrot":68,"minecraft:acacia_planks":27,"minecraft:cobbled_deepslate":9,"minecraft:cooked_mutton":3,"minecraft:birch_planks":23,"minecraft:cartography_table":1,"minecraft:fletching_table":6,"minecraft:green_bed":2,"minecraft:terracotta":18,"minecraft:lime_bed":3,"minecraft:crafting_table":7,"minecraft:red_bed":1,"minecraft:oak_log":4,"minecraft:dark_prismarine":12,"minecraft:diamond_pickaxe":822,"minecraft:diamond_shovel":553,"minecraft:stone_axe":32,"minecraft:cobblestone":73,"minecraft:potion":1,"minecraft:porkchop":3,"minecraft:white_banner":1,"minecraft:cooked_porkchop":6,"minecraft:pumpkin_pie":4,"minecraft:splash_potion":98},"minecraft:broken":{"minecraft:diamond_helmet":1,"minecraft:iron_boots":1,"minecraft:golden_shovel":1,"minecraft:diamond_boots":1,"simplyswords:iron_halberd":1,"minecraft:shield":1},"minecraft:crafted":{"immersive_aircraft:engine":1,"minecraft:smooth_stone":4,"minecraft:oak_planks":464,"immersive_aircraft:sturdy_pipes":1,"minecraft:stone":11,"runes:arcane_stone":2,"minecraft:bookshelf":19,"minecraft:cooked_mutton":3,"minecraft:glass":16,"minecraft:diamond_helmet":2,"minecraft:iron_boots":1,"immersive_aircraft:hull":3,"minecraft:chest":14,"minecraft:emerald":88,"minecraft:cooked_porkchop":6,"minecraft:crafting_table":5,"minecraft:acacia_slab":12,"minecraft:wooden_pickaxe":2,"runes:fire_stone":8,"immersive_melodies:lute":1,"minecraft:copper_ingot":18,"immersive_armors:steampunk_helmet":1,"minecraft:birch_planks":308,"immersive_aircraft:propeller":2,"minecraft:lectern":4,"minecraft:iron_chestplate":1,"minecraft:diamond_pickaxe":1,"minecraft:stick":2642,"minecraft:gold_ingot":9,"minecraft:redstone_torch":1,"minecraft:coal":54,"minecraft:smooth_stone_slab":6,"minecraft:iron_nugget":9,"immersive_melodies:trumpet":1,"minecraft:furnace":3,"immersive_aircraft:biplane":1,"minecraft:bone_meal":3,"immersive_melodies:flute":1,"minecraft:iron_axe":2,"minecraft:iron_hoe":1,"minecraft:stone_pickaxe":2,"minecraft:dark_oak_planks":20,"minecraft:wheat":171,"immersive_aircraft:enhanced_propeller":1,"minecraft:diamond_sword":1,"immersive_aircraft:boiler":1,"simplyswords:iron_halberd":1,"minecraft:stone_axe":2,"minecraft:white_stained_glass":16,"minecraft:enchanted_book":25,"minecraft:jungle_slab":12,"minecraft:bread":43,"minecraft:air":0,"minecraft:jungle_planks":112,"minecraft:white_dye":3,"minecraft:iron_leggings":1,"minecraft:armor_stand":1,"dummmmmmy:target_dummy":1,"minecraft:acacia_planks":1040,"minecraft:torch":48,"minecraft:diamond_chestplate":1},"minecraft:mined":{"minecraft:dark_oak_planks":7,"minecraft:spruce_planks":7,"minecraft:jungle_leaves":6,"minecraft:red_nether_bricks":3,"minecraft:obsidian":8,"minecraft:spruce_trapdoor":3,"minecraft:potted_dead_bush":1,"minecraft:granite":2,"minecraft:red_sand":415,"minecraft:acacia_log":60,"minecraft:grass_block":90,"minecraft:jungle_log":46,"minecraft:cracked_polished_blackstone_bricks":22,"minecraft:coal_block":6,"minecraft:composter":2,"minecraft:spawner":21,"minecraft:polished_blackstone_bricks":49,"minecraft:magma_block":3,"minecraft:dark_oak_trapdoor":2,"minecraft:iron_ore":4,"minecraft:cobbled_deepslate":1,"minecraft:fire":18,"minecraft:anvil":3,"minecraft:fletching_table":6,"minecraft:deepslate_lapis_ore":4,"minecraft:stripped_dark_oak_wood":5,"minecraft:enchanting_table":1,"minecraft:dark_oak_stairs":1,"minecraft:flowering_azalea_leaves":3,"minecraft:smooth_sandstone_stairs":4,"minecraft:green_bed":2,"minecraft:tripwire":1,"minecraft:deepslate_redstone_ore":6,"minecraft:cut_sandstone":5,"minecraft:jungle_door":1,"minecraft:red_bed":2,"minecraft:blackstone":55,"minecraft:soul_fire":14,"minecraft:amethyst_cluster":1,"minecraft:orange_terracotta":47,"minecraft:light_gray_terracotta":2,"minecraft:torch":1,"minecraft:blast_furnace":3,"minecraft:calcite":18,"minecraft:chest":2,"minecraft:dead_bush":10,"minecraft:nether_quartz_ore":66,"minecraft:cobblestone":3,"minecraft:birch_wood":18,"minecraft:sugar_cane":18,"minecraft:cyan_bed":3,"minecraft:grindstone":1,"minecraft:oak_planks":1,"minecraft:amethyst_block":2,"minecraft:pink_petals":2,"minecraft:white_terracotta":1,"minecraft:nether_wart_block":2,"minecraft:birch_log":70,"minecraft:wheat":3,"minecraft:birch_trapdoor":1,"minecraft:jukebox":1,"minecraft:waxed_copper_block":2,"minecraft:birch_door":2,"minecraft:grass":21,"minecraft:oak_log":118,"minecraft:smooth_quartz":2,"minecraft:sand":35,"minecraft:dirt":70,"minecraft:smooth_basalt":3,"minecraft:netherrack":16,"minecraft:oak_leaves":21,"minecraft:deepslate":15,"minecraft:dark_prismarine":13,"minecraft:tuff":5,"minecraft:deepslate_diamond_ore":9,"minecraft:red_stained_glass":2,"minecraft:nether_bricks":1,"minecraft:spruce_fence":8,"minecraft:cartography_table":3,"minecraft:cracked_nether_bricks":4,"minecraft:hay_block":37,"minecraft:carrots":23,"minecraft:acacia_wood":1,"minecraft:andesite":10,"minecraft:peony":1,"minecraft:gold_block":8,"minecraft:bell":1,"minecraft:bookshelf":57,"minecraft:deepslate_iron_ore":14,"minecraft:shroomlight":5,"minecraft:vine":12,"minecraft:stripped_oak_log":2,"minecraft:smooth_quartz_stairs":2,"minecraft:bamboo":3,"minecraft:stone":85,"minecraft:bone_block":13,"minecraft:smithing_table":1,"minecraft:acacia_leaves":6,"minecraft:glass_pane":2,"minecraft:smooth_sandstone":189,"minecraft:crafting_table":2,"minecraft:lectern":152,"minecraft:tall_grass":3,"minecraft:copper_ore":4,"minecraft:deepslate_gold_ore":13,"minecraft:diorite":1,"minecraft:lime_bed":3,"minecraft:birch_planks":2,"minecraft:cactus":1,"minecraft:birch_leaves":4,"minecraft:mangrove_slab":10,"minecraft:coal_ore":24,"minecraft:cyan_carpet":6,"minecraft:gravel":1,"minecraft:gray_carpet":1,"minecraft:brown_terracotta":22,"minecraft:cobweb":4,"minecraft:cracked_stone_bricks":1,"minecraft:terracotta":22,"minecraft:acacia_planks":7,"minecraft:stripped_acacia_wood":13,"minecraft:stone_bricks":6,"minecraft:mossy_stone_bricks":2,"minecraft:fern":2},"minecraft:picked_up":{"minecraft:birch_door":2,"wizards:staff_arcane":1,"minecraft:anvil":3,"minecraft:flower_pot":1,"artifacts:bunny_hoppers":16,"minecraft:smithing_table":1,"artifacts:umbrella":1,"minecraft:diamond_sword":5,"minecraft:enchanted_book":2,"minecraft:potion":1,"minecraft:golden_shovel":1,"minecraft:golden_sword":1,"minecraft:amethyst_block":2,"minecraft:raw_copper":13,"minecraft:string":84,"minecraft:dark_oak_trapdoor":2,"minecraft:red_nether_bricks":3,"minecraft:shroomlight":3,"minecraft:red_sand":410,"minecraft:gold_nugget":3,"minecraft:cobbled_deepslate":16,"minecraft:spruce_planks":6,"minecraft:calcite":12,"minecraft:iron_pickaxe":1,"minecraft:smooth_quartz":1,"minecraft:coal_block":6,"minecraft:smooth_quartz_stairs":2,"minecraft:tipped_arrow":2,"minecraft:golden_helmet":1,"minecraft:stick":27,"minecraft:jungle_door":1,"minecraft:jukebox":1,"minecraft:green_bed":2,"minecraft:composter":2,"minecraft:birch_trapdoor":1,"minecraft:brown_terracotta":22,"minecraft:torch":4,"minecraft:acacia_log":60,"minecraft:porkchop":8,"minecraft:diorite":1,"minecraft:stone_sword":1,"minecraft:rotten_flesh":35,"artifacts:villager_hat":3,"minecraft:white_terracotta":1,"minecraft:obsidian":5,"minecraft:cobblestone":82,"minecraft:birch_log":70,"minecraft:enchanting_table":1,"minecraft:pink_petals":16,"minecraft:magma_block":2,"minecraft:leather_chestplate":1,"minecraft:jungle_log":46,"minecraft:brown_wool":2,"minecraft:andesite":10,"minecraft:acacia_leaves":128,"artifacts:thorn_pendant":8,"minecraft:flint":3,"minecraft:tuff":3,"minecraft:smooth_sandstone_stairs":4,"minecraft:wither_skeleton_skull":2,"minecraft:mangrove_slab":10,"minecraft:lapis_lazuli":25,"minecraft:dirt":222,"minecraft:bone":161,"minecraft:acacia_planks":7,"minecraft:bow":2,"minecraft:wheat_seeds":17,"minecraft:raw_gold":13,"minecraft:bell":1,"minecraft:birch_wood":18,"minecraft:grindstone":1,"minecraft:dark_oak_sign":7,"minecraft:mossy_stone_bricks":2,"minecraft:fletching_table":6,"minecraft:diamond_helmet":1,"minecraft:bamboo":216,"minecraft:stone_hoe":2,"minecraft:cooked_porkchop":2,"minecraft:stripped_acacia_wood":11,"minecraft:sand":35,"minecraft:dead_bush":1,"minecraft:cyan_bed":3,"minecraft:dark_prismarine":13,"minecraft:iron_hoe":1,"minecraft:light_gray_terracotta":2,"immersive_melodies:piano":1,"minecraft:diamond":12,"minecraft:cracked_polished_blackstone_bricks":18,"minecraft:crossbow":1,"minecraft:granite":2,"minecraft:bone_meal":6,"minecraft:emerald":52,"minecraft:bread":163,"minecraft:netherrack":14,"minecraft:diamond_pickaxe":2,"majruszsdifficulty:tattered_boots":1,"minecraft:cocoa_beans":1,"minecraft:crafting_table":3,"wizards:wand_fire":1,"artifacts:night_vision_goggles":1,"minecraft:leather_leggings":1,"minecraft:gold_block":7,"minecraft:shield":4,"minecraft:red_bed":2,"minecraft:iron_axe":1,"immersive_melodies:lute":4,"immersive_aircraft:biplane":2,"minecraft:item_frame":1,"minecraft:cyan_carpet":14,"minecraft:blackstone":79,"minecraft:cracked_stone_bricks":1,"minecraft:cartography_table":3,"immersive_melodies:trumpet":2,"minecraft:iron_nugget":14,"minecraft:poppy":2,"minecraft:lectern":152,"minecraft:chest":2,"minecraft:sugar_cane":27,"minecraft:spruce_trapdoor":3,"minecraft:phantom_membrane":1,"minecraft:diamond_hoe":1,"minecraft:raw_iron":18,"immersive_armors:bone_chestplate":1,"immersive_melodies:tiny_drum":2,"minecraft:spruce_fence":14,"minecraft:fire_charge":1,"immersive_armors:divine_leggings":1,"minecraft:polished_blackstone_bricks":35,"minecraft:carrot":29,"minecraft:redstone":176,"minecraft:dark_oak_planks":4,"minecraft:arrow":80,"minecraft:peony":1,"minecraft:nether_bricks":1,"minecraft:diamond_boots":1,"minecraft:hay_block":37,"minecraft:stripped_dark_oak_wood":5,"wizards:staff_wizard":1,"minecraft:mutton":4,"minecraft:bone_block":13,"minecraft:white_wool":10,"minecraft:stripped_oak_log":2,"simplyswords:iron_katana":1,"minecraft:lime_bed":3,"minecraft:clock":1,"minecraft:golden_carrot":79,"minecraft:cut_sandstone":4,"minecraft:leather":3,"majruszsdifficulty:tattered_helmet":4,"minecraft:acacia_wood":5,"minecraft:oak_log":118,"minecraft:waxed_copper_block":2,"artifacts:superstitious_hat":5,"minecraft:golden_boots":1,"minecraft:nether_wart_block":2,"minecraft:gunpowder":2,"minecraft:white_banner":1,"minecraft:orange_terracotta":47,"minecraft:smooth_sandstone":186,"immersive_armors:warrior_leggings":1,"minecraft:stone_bricks":6,"minecraft:gray_carpet":1,"majruszsdifficulty:tattered_leggings":1,"minecraft:cooked_chicken":1,"artifacts:steadfast_spikes":2,"minecraft:mangrove_planks":4,"minecraft:iron_sword":1,"minecraft:acacia_sapling":3,"minecraft:book":150,"minecraft:smooth_basalt":3,"minecraft:quartz":60,"minecraft:dandelion":2,"minecraft:cracked_nether_bricks":4,"minecraft:gravel":1,"minecraft:amethyst_shard":4,"minecraft:blast_furnace":3,"minecraft:spider_eye":41,"minecraft:leather_helmet":5,"artifacts:helium_flamingo":11,"minecraft:diamond_shovel":3,"minecraft:pumpkin_seeds":3,"minecraft:slime_ball":10,"minecraft:diamond_axe":1,"minecraft:terracotta":23,"simplyswords:iron_chakram":1,"minecraft:coal":149,"majruszsdifficulty:tattered_chestplate":4},"minecraft:custom":{"minecraft:interact_with_crafting_table":63,"minecraft:open_barrel":22,"minecraft:bell_ring":4,"minecraft:leave_game":26,"minecraft:time_since_death":4403,"minecraft:damage_resisted":94,"minecraft:sprint_one_cm":866201,"minecraft:damage_blocked_by_shield":2878,"minecraft:drop":126,"minecraft:play_noteblock":1,"minecraft:talked_to_villager":285,"minecraft:play_time":642543,"minecraft:deaths":15,"minecraft:jump":5778,"minecraft:walk_on_water_one_cm":24080,"minecraft:enchant_item":1,"minecraft:interact_with_furnace":34,"minecraft:traded_with_villager":117,"minecraft:interact_with_cartography_table":1,"minecraft:sleep_in_bed":16,"minecraft:damage_dealt":38460,"minecraft:crouch_one_cm":79559,"minecraft:interact_with_smoker":2,"minecraft:inspect_dispenser":4,"minecraft:interact_with_anvil":11,"minecraft:mob_kills":166,"minecraft:damage_dealt_resisted":2878,"minecraft:climb_one_cm":6374,"minecraft:walk_one_cm":2116148,"minecraft:damage_dealt_absorbed":133,"minecraft:sneak_time":22257,"minecraft:walk_under_water_one_cm":43793,"minecraft:interact_with_blast_furnace":7,"minecraft:total_world_time":642543,"minecraft:tune_noteblock":3,"minecraft:interact_with_grindstone":4,"minecraft:time_since_rest":4568,"minecraft:damage_taken":15208,"minecraft:damage_absorbed":40,"minecraft:swim_one_cm":156569,"minecraft:fly_one_cm":1011120,"minecraft:open_chest":315,"minecraft:fall_one_cm":390307},"minecraft:killed":{"minecraft:cave_spider":18,"minecraft:witch":1,"minecraft:spider":13,"minecraft:skeleton":39,"majruszsdifficulty:creeperling":1,"artifacts:mimic":1,"minecraft:magma_cube":2,"minecraft:piglin":6,"minecraft:pig":4,"minecraft:iron_golem":3,"minecraft:creeper":2,"minecraft:sheep":2,"minecraft:zombie":20,"minecraft:stray":1,"minecraft:slime":10,"minecraft:phantom":1,"naturalist:bass":1,"minecraft:husk":3,"majruszsdifficulty:cursed_armor":4,"minecraft:hoglin":2,"minecraft:wither_skeleton":28,"creeperoverhaul:savannah_creeper":1},"minecraft:killed_by":{"minecraft:piglin_brute":1,"minecraft:wither_skeleton":4,"minecraft:piglin":1,"minecraft:cave_spider":1,"majruszsdifficulty:cursed_armor":1,"minecraft:husk":2,"minecraft:spider":1,"minecraft:skeleton":2,"minecraft:phantom":1},"minecraft:dropped":{"minecraft:iron_sword":1,"immersive_melodies:trumpet":2,"minecraft:diamond":2,"immersive_melodies:lute":4,"majruszsdifficulty:tattered_helmet":3,"minecraft:leather":4,"minecraft:leather_helmet":3,"minecraft:emerald":30,"artifacts:night_vision_goggles":1,"minecraft:dirt":94,"artifacts:thorn_pendant":1,"immersive_melodies:piano":1,"minecraft:bone_meal":6,"minecraft:sand":8,"minecraft:iron_pickaxe":1,"minecraft:white_wool":1,"minecraft:cyan_carpet":6,"minecraft:bone":12,"majruszsdifficulty:tattered_chestplate":4,"minecraft:cooked_chicken":1,"runes:arcane_stone":1,"minecraft:rotten_flesh":8,"artifacts:villager_hat":4,"minecraft:oak_planks":17,"minecraft:diamond_shovel":1,"minecraft:poppy":1,"minecraft:tipped_arrow":1,"minecraft:gunpowder":2,"artifacts:helium_flamingo":1,"minecraft:skeleton_skull":1,"minecraft:acacia_sapling":2,"minecraft:arrow":6,"immersive_melodies:tiny_drum":1,"minecraft:cracked_nether_bricks":1,"wizards:staff_arcane":1,"minecraft:bread":20,"minecraft:stone_hoe":2,"minecraft:wheat_seeds":5,"minecraft:book":3,"minecraft:granite":2,"minecraft:stick":152,"immersive_armors:steampunk_helmet":1,"minecraft:diamond_helmet":2,"minecraft:string":2,"minecraft:pink_petals":8,"artifacts:bunny_hoppers":2,"minecraft:dandelion":1,"minecraft:light_gray_terracotta":2,"minecraft:iron_hoe":1,"minecraft:white_terracotta":1,"minecraft:debug_stick":1,"minecraft:acacia_leaves":400,"minecraft:spruce_fence":7,"minecraft:pumpkin_seeds":3,"minecraft:diamond_sword":1,"minecraft:shield":1,"minecraft:diamond_chestplate":1,"minecraft:orange_terracotta":5,"minecraft:diamond_pickaxe":2,"artifacts:steadfast_spikes":2,"minecraft:bow":1,"minecraft:raw_gold":13,"minecraft:calcite":6,"minecraft:terracotta":5}},"DataVersion":3465}