{"stats":{"minecraft:killed":{"minecraft:cave_spider":73,"minecraft:spider":31,"minecraft:skeleton":85,"minecraft:chicken":1,"minecraft:piglin_brute":6,"artifacts:mimic":4,"minecraft:magma_cube":3,"minecraft:piglin":16,"minecraft:zombie_villager":1,"minecraft:iron_golem":2,"majruszsdifficulty:tank":1,"minecraft:zombie":53,"minecraft:stray":1,"minecraft:slime":4,"naturalist:giraffe":1,"minecraft:husk":13,"majruszsdifficulty:cursed_armor":13,"minecraft:wither_skeleton":67,"creeperoverhaul:savannah_creeper":1},"minecraft:mined":{"minecraft:spruce_planks":5,"minecraft:blackstone_stairs":2,"minecraft:farmland":5,"minecraft:mossy_stone_brick_slab":2,"minecraft:sculk_vein":125,"minecraft:jungle_leaves":1,"minecraft:red_nether_bricks":1,"minecraft:obsidian":14,"minecraft:granite":14,"minecraft:budding_amethyst":1,"minecraft:red_sand":1,"minecraft:acacia_log":338,"minecraft:grass_block":2,"minecraft:jungle_log":9,"minecraft:cracked_polished_blackstone_bricks":44,"minecraft:coal_block":5,"minecraft:composter":1,"minecraft:gilded_blackstone":1,"minecraft:spawner":39,"minecraft:polished_blackstone_bricks":84,"minecraft:glowstone":15,"minecraft:dark_oak_trapdoor":3,"minecraft:iron_ore":48,"minecraft:fire":7,"minecraft:anvil":2,"minecraft:deepslate_lapis_ore":17,"minecraft:nether_brick_stairs":2,"minecraft:sculk_shrieker":2,"minecraft:stripped_mangrove_wood":11,"minecraft:spruce_slab":7,"minecraft:tripwire":3,"minecraft:deepslate_redstone_ore":19,"minecraft:blackstone":40,"minecraft:soul_fire":5,"minecraft:amethyst_cluster":1,"minecraft:orange_terracotta":1,"minecraft:torch":9,"minecraft:blast_furnace":4,"minecraft:calcite":6,"minecraft:polished_andesite_stairs":1,"minecraft:dead_bush":5,"minecraft:nether_quartz_ore":389,"minecraft:cobblestone":12,"minecraft:birch_wood":1,"minecraft:oak_planks":4,"minecraft:wall_torch":9,"minecraft:amethyst_block":29,"minecraft:deepslate_copper_ore":2,"minecraft:pink_petals":2,"minecraft:tnt":1,"minecraft:stone_brick_stairs":4,"minecraft:grass":25,"minecraft:oak_log":14,"minecraft:sand":8,"minecraft:dirt":2,"minecraft:stripped_birch_wood":2,"minecraft:smooth_basalt":3,"minecraft:netherrack":10659,"minecraft:ancient_debris":4,"minecraft:yellow_stained_glass":2,"minecraft:oak_leaves":1,"minecraft:deepslate":21,"minecraft:nether_gold_ore":58,"minecraft:dark_prismarine":1,"minecraft:crying_obsidian":1,"minecraft:tuff":5,"minecraft:deepslate_diamond_ore":14,"minecraft:nether_bricks":105,"minecraft:dark_oak_fence":13,"minecraft:spruce_fence":3,"minecraft:cracked_nether_bricks":3,"minecraft:crimson_stem":3,"minecraft:hay_block":32,"minecraft:black_stained_glass_pane":1,"minecraft:redstone_ore":7,"minecraft:carrots":140,"minecraft:acacia_wood":1,"minecraft:andesite":1,"minecraft:gold_block":13,"minecraft:nether_brick_fence":1,"minecraft:mossy_stone_brick_stairs":2,"minecraft:bookshelf":4,"minecraft:vine":1,"minecraft:deepslate_iron_ore":51,"minecraft:bamboo":77,"minecraft:stone":94,"minecraft:bone_block":91,"minecraft:acacia_leaves":24,"minecraft:basalt":1,"minecraft:smooth_sandstone":6,"minecraft:crafting_table":6,"minecraft:sculk_sensor":7,"minecraft:lectern":2,"minecraft:stone_slab":1,"minecraft:copper_ore":19,"minecraft:tall_grass":4,"minecraft:deepslate_gold_ore":33,"minecraft:lapis_ore":6,"minecraft:polished_blackstone_brick_stairs":3,"minecraft:sculk":1445,"minecraft:diorite":4,"minecraft:spruce_stairs":2,"minecraft:gray_wool":1,"minecraft:birch_planks":3,"minecraft:red_terracotta":1,"minecraft:birch_leaves":8,"minecraft:coal_ore":186,"minecraft:cherry_leaves":2,"minecraft:cyan_carpet":11,"minecraft:brown_terracotta":1,"minecraft:cobweb":4,"minecraft:terracotta":19,"minecraft:acacia_planks":1,"minecraft:chipped_anvil":1,"minecraft:gold_ore":44,"minecraft:fern":2},"minecraft:custom":{"minecraft:interact_with_crafting_table":117,"minecraft:open_barrel":50,"minecraft:eat_cake_slice":6,"minecraft:leave_game":12,"minecraft:time_since_death":8621,"minecraft:damage_resisted":312,"minecraft:sprint_one_cm":1213266,"minecraft:damage_blocked_by_shield":6958,"minecraft:drop":228,"minecraft:play_noteblock":22,"minecraft:talked_to_villager":148,"minecraft:play_time":640652,"minecraft:deaths":23,"minecraft:jump":6669,"minecraft:walk_on_water_one_cm":18083,"minecraft:enchant_item":22,"minecraft:interact_with_furnace":30,"minecraft:traded_with_villager":302,"minecraft:sleep_in_bed":14,"minecraft:damage_dealt":83265,"minecraft:crouch_one_cm":39609,"minecraft:interact_with_smoker":24,"minecraft:inspect_dispenser":5,"minecraft:interact_with_smithing_table":5,"minecraft:interact_with_anvil":34,"minecraft:mob_kills":393,"minecraft:damage_dealt_resisted":14526,"minecraft:climb_one_cm":13698,"minecraft:walk_one_cm":2118238,"minecraft:damage_dealt_absorbed":187,"minecraft:sneak_time":12517,"minecraft:walk_under_water_one_cm":44477,"minecraft:interact_with_blast_furnace":27,"minecraft:total_world_time":640652,"minecraft:tune_noteblock":76,"minecraft:interact_with_grindstone":27,"minecraft:time_since_rest":8647,"minecraft:damage_taken":24475,"minecraft:damage_absorbed":204,"minecraft:trigger_trapped_chest":2,"minecraft:swim_one_cm":308966,"minecraft:fly_one_cm":1221696,"minecraft:open_chest":538,"minecraft:fall_one_cm":118686},"minecraft:crafted":{"minecraft:smooth_stone":7,"minecraft:oak_planks":56,"simplyswords:iron_katana":2,"minecraft:diamond_shovel":3,"runes:arcane_stone":116,"immersive_armors:steampunk_chestplate":2,"minecraft:nether_brick":2,"immersive_armors:steampunk_leggings":2,"minecraft:cooked_mutton":7,"minecraft:suspicious_stew":8,"minecraft:glass":16,"minecraft:diamond_helmet":2,"minecraft:diamond_leggings":3,"minecraft:iron_boots":1,"minecraft:chest":2,"minecraft:netherite_upgrade_smithing_template":2,"minecraft:stone_hoe":1,"wizards:staff_arcane":1,"immersive_armors:bone_chestplate":1,"minecraft:emerald":179,"minecraft:cooked_porkchop":5,"minecraft:crafting_table":9,"immersive_armors:heavy_chestplate":1,"minecraft:wooden_pickaxe":1,"minecraft:iron_helmet":23,"runes:fire_stone":108,"minecraft:chainmail_chestplate":17,"minecraft:clock":2,"immersive_armors:steampunk_boots":2,"immersive_armors:steampunk_helmet":2,"minecraft:birch_planks":12,"simplyswords:iron_scythe":1,"minecraft:apple":112,"minecraft:diamond_pickaxe":6,"minecraft:shield":5,"minecraft:stick":2152,"minecraft:compass":1,"minecraft:iron_ingot":60,"minecraft:iron_pickaxe":2,"minecraft:iron_block":4,"minecraft:gold_ingot":168,"minecraft:redstone_torch":2,"minecraft:netherite_ingot":1,"immersive_armors:bone_boots":1,"wizards:wand_fire":1,"minecraft:golden_carrot":225,"minecraft:coal":45,"minecraft:stone_shovel":23,"minecraft:iron_nugget":9,"minecraft:diamond_hoe":5,"simplyswords:diamond_twinblade":1,"minecraft:bone_meal":915,"minecraft:iron_axe":5,"minecraft:stone_pickaxe":1,"minecraft:diamond_boots":3,"simplyswords:netherite_katana":1,"minecraft:blackstone_stairs":4,"minecraft:wheat":351,"minecraft:cooked_beef":4,"minecraft:crimson_planks":12,"simplyswords:iron_chakram":1,"minecraft:enchanting_table":1,"simplyswords:runic_katana":1,"minecraft:nether_bricks":583,"minecraft:cooked_salmon":14,"minecraft:golden_shovel":1,"minecraft:mangrove_planks":44,"minecraft:bucket":1,"minecraft:stone_axe":1,"minecraft:white_stained_glass":8,"minecraft:enchanted_book":2,"minecraft:jungle_planks":32,"minecraft:bread":117,"minecraft:air":0,"immersive_armors:bone_helmet":1,"minecraft:gold_nugget":1296,"minecraft:white_dye":1,"minecraft:chainmail_boots":23,"minecraft:wooden_axe":1,"wizards:staff_wizard":2,"minecraft:acacia_planks":588,"minecraft:torch":416,"minecraft:diamond_chestplate":1},"minecraft:broken":{"immersive_armors:steampunk_leggings":1,"minecraft:diamond_hoe":1,"immersive_armors:steampunk_boots":1,"immersive_armors:steampunk_chestplate":1,"minecraft:shield":2,"immersive_armors:steampunk_helmet":2,"minecraft:iron_axe":1},"minecraft:dropped":{"minecraft:nether_brick_stairs":2,"minecraft:spruce_sign":8,"minecraft:porkchop":2,"minecraft:candle":2,"minecraft:diamond_axe":2,"minecraft:dark_oak_stairs":1,"wizards:staff_wizard":2,"minecraft:diamond":3,"immersive_melodies:trumpet":2,"minecraft:glass_bottle":1,"immersive_melodies:lute":3,"simplyswords:runic_katana":1,"minecraft:leather":4,"minecraft:iron_horse_armor":2,"minecraft:mangrove_planks":4,"minecraft:saddle":1,"minecraft:blackstone_stairs":2,"minecraft:emerald":50,"minecraft:item_frame":4,"artifacts:night_vision_goggles":1,"immersive_armors:steampunk_chestplate":1,"minecraft:dirt":3,"artifacts:thorn_pendant":1,"artifacts:superstitious_hat":1,"minecraft:dark_oak_fence":13,"immersive_melodies:piano":2,"majruszsdifficulty:tattered_boots":1,"minecraft:gilded_blackstone":1,"minecraft:gold_nugget":10,"minecraft:iron_pickaxe":3,"minecraft:dark_oak_planks":3,"minecraft:white_wool":7,"minecraft:cyan_carpet":3,"minecraft:bone":4,"majruszsdifficulty:tattered_chestplate":1,"minecraft:blackstone":30,"minecraft:cobbled_deepslate":3,"simplyswords:iron_katana":2,"minecraft:nether_brick":78,"immersive_armors:wooden_boots":1,"minecraft:cherry_sapling":1,"minecraft:oak_planks":2,"minecraft:diamond_shovel":3,"minecraft:rotten_flesh":46,"artifacts:villager_hat":3,"minecraft:nether_brick_fence":1,"wizards:wand_fire":1,"minecraft:golden_shovel":1,"minecraft:poppy":1,"minecraft:leather_chestplate":1,"minecraft:gunpowder":4,"artifacts:umbrella":1,"artifacts:helium_flamingo":2,"minecraft:skeleton_skull":1,"minecraft:charcoal":2,"minecraft:leather_boots":4,"minecraft:leather_leggings":2,"minecraft:spruce_slab":2,"minecraft:arrow":27,"immersive_melodies:tiny_drum":2,"wizards:staff_arcane":1,"minecraft:cracked_nether_bricks":2,"minecraft:quartz":128,"minecraft:enchanted_book":2,"minecraft:bread":209,"minecraft:iron_ingot":3,"minecraft:lectern":1,"minecraft:stone_hoe":2,"minecraft:wheat_seeds":2,"simplyswords:iron_chakram":1,"minecraft:feather":1,"minecraft:cobblestone":7,"minecraft:granite":2,"immersive_armors:warrior_leggings":1,"minecraft:coal":84,"minecraft:stick":36,"minecraft:diorite":2,"immersive_armors:steampunk_helmet":1,"minecraft:golden_carrot":111,"minecraft:wooden_axe":1,"minecraft:smooth_quartz":1,"minecraft:brown_wool":2,"minecraft:map":5,"minecraft:diamond_helmet":1,"minecraft:iron_leggings":1,"minecraft:iron_axe":1,"minecraft:string":13,"minecraft:pink_petals":3,"artifacts:bunny_hoppers":3,"minecraft:dandelion":1,"minecraft:redstone":158,"immersive_armors:bone_chestplate":1,"minecraft:coarse_dirt":2,"minecraft:raw_copper":10,"minecraft:diamond_hoe":1,"minecraft:chicken":1,"minecraft:iron_hoe":1,"minecraft:spruce_fence":1,"minecraft:pumpkin_seeds":3,"minecraft:suspicious_stew":1,"minecraft:flint_and_steel":1,"minecraft:diamond_sword":2,"simplyswords:iron_scythe":2,"minecraft:shield":4,"minecraft:diamond_pickaxe":2,"minecraft:spruce_planks":1,"artifacts:steadfast_spikes":2,"minecraft:andesite":1,"immersive_armors:bone_helmet":1,"minecraft:bamboo":3,"minecraft:diamond_boots":1,"minecraft:slime_ball":9,"minecraft:bow":2,"minecraft:wooden_pickaxe":1,"minecraft:calcite":2,"minecraft:dark_prismarine":1},"minecraft:killed_by":{"minecraft:piglin_brute":3,"minecraft:wither_skeleton":7,"creeperoverhaul:desert_creeper":1,"minecraft:iron_golem":5,"minecraft:hoglin":2,"minecraft:skeleton":4,"minecraft:phantom":1},"minecraft:picked_up":{"wizards:staff_arcane":1,"minecraft:anvil":2,"minecraft:nether_brick_fence":1,"minecraft:suspicious_stew":1,"artifacts:bunny_hoppers":2,"artifacts:umbrella":1,"minecraft:stone_slab":1,"minecraft:diamond_sword":5,"minecraft:gilded_blackstone":1,"minecraft:nether_brick":940,"minecraft:stone_brick_stairs":4,"minecraft:amethyst_block":29,"minecraft:polished_blackstone_brick_stairs":3,"minecraft:string":174,"minecraft:dark_oak_trapdoor":3,"minecraft:raw_copper":27,"minecraft:red_nether_bricks":1,"minecraft:zombie_head":1,"minecraft:red_sand":14,"minecraft:gold_nugget":180,"minecraft:cobbled_deepslate":16,"minecraft:spruce_planks":7,"minecraft:calcite":7,"minecraft:smooth_quartz":1,"minecraft:iron_pickaxe":1,"minecraft:coal_block":5,"minecraft:stick":182,"minecraft:composter":1,"minecraft:brown_terracotta":1,"minecraft:torch":23,"minecraft:acacia_log":338,"minecraft:spruce_stairs":2,"minecraft:porkchop":4,"minecraft:diorite":3,"minecraft:honey_bottle":1,"minecraft:rotten_flesh":69,"artifacts:villager_hat":7,"artifacts:panic_necklace":1,"minecraft:stripped_birch_wood":2,"minecraft:obsidian":17,"minecraft:blackstone_stairs":2,"minecraft:cobblestone":98,"minecraft:pink_petals":3,"minecraft:leather_chestplate":2,"minecraft:feather":1,"minecraft:jungle_log":8,"minecraft:andesite":1,"artifacts:thorn_pendant":11,"minecraft:tuff":5,"minecraft:lapis_lazuli":88,"minecraft:dirt":73,"minecraft:leather_boots":4,"minecraft:bone":258,"minecraft:acacia_planks":1,"minecraft:bow":5,"minecraft:wheat_seeds":4,"minecraft:raw_gold":64,"minecraft:birch_wood":1,"minecraft:diamond_helmet":2,"minecraft:bamboo":811,"minecraft:glowstone_dust":34,"minecraft:stone_hoe":1,"minecraft:oak_planks":22,"minecraft:mossy_stone_brick_stairs":2,"minecraft:stripped_acacia_wood":1,"minecraft:sand":28,"minecraft:nether_brick_stairs":2,"minecraft:red_terracotta":1,"minecraft:dark_prismarine":2,"minecraft:iron_hoe":1,"immersive_melodies:piano":2,"minecraft:deepslate":9,"minecraft:diamond":18,"minecraft:cracked_polished_blackstone_bricks":47,"minecraft:granite":14,"minecraft:bone_meal":10,"minecraft:golden_apple":1,"minecraft:spruce_sign":8,"minecraft:emerald":32,"minecraft:bread":66,"minecraft:netherrack":21,"minecraft:dark_oak_fence":13,"minecraft:diamond_pickaxe":4,"majruszsdifficulty:tattered_boots":1,"minecraft:charcoal":2,"minecraft:coarse_dirt":2,"minecraft:crafting_table":6,"artifacts:night_vision_goggles":4,"minecraft:chicken":1,"minecraft:leather_leggings":2,"minecraft:gold_block":13,"minecraft:shield":1,"minecraft:red_bed":1,"immersive_melodies:lute":3,"minecraft:netherite_scrap":1,"minecraft:item_frame":6,"minecraft:cyan_carpet":8,"minecraft:blackstone":22,"minecraft:candle":2,"immersive_melodies:trumpet":2,"minecraft:poppy":3,"minecraft:spruce_slab":11,"minecraft:lectern":3,"minecraft:raw_iron":31,"minecraft:stripped_mangrove_wood":11,"minecraft:stone":6,"minecraft:copper_ingot":77,"immersive_melodies:tiny_drum":1,"runes:fire_stone":1,"minecraft:spruce_fence":2,"minecraft:polished_blackstone_bricks":68,"minecraft:cookie":1,"minecraft:carrot":716,"minecraft:redstone":155,"minecraft:iron_horse_armor":1,"minecraft:dark_oak_planks":9,"minecraft:tnt":1,"minecraft:arrow":146,"minecraft:diamond_chestplate":1,"simplyswords:iron_scythe":1,"minecraft:pumpkin_pie":1,"minecraft:nether_bricks":8,"minecraft:hay_block":32,"minecraft:gold_ingot":27,"minecraft:skeleton_skull":1,"minecraft:bone_block":83,"simplyswords:iron_katana":1,"minecraft:golden_carrot":32,"minecraft:crimson_stem":3,"minecraft:cut_sandstone":1,"minecraft:leather":5,"minecraft:acacia_wood":1,"minecraft:birch_planks":2,"minecraft:oak_log":14,"minecraft:orange_terracotta":1,"minecraft:smooth_sandstone":5,"immersive_armors:warrior_leggings":1,"majruszsdifficulty:tattered_leggings":1,"minecraft:iron_ingot":135,"minecraft:cooked_chicken":2,"artifacts:steadfast_spikes":6,"minecraft:acacia_sapling":3,"immersive_armors:steampunk_helmet":1,"minecraft:dark_oak_stairs":1,"minecraft:book":33,"minecraft:polished_andesite_stairs":1,"minecraft:smooth_basalt":3,"runes:arcane_stone":1,"minecraft:quartz":83,"minecraft:dandelion":1,"minecraft:cracked_nether_bricks":10,"minecraft:amethyst_shard":8,"minecraft:blast_furnace":4,"minecraft:crying_obsidian":1,"minecraft:mossy_stone_brick_slab":2,"minecraft:spider_eye":112,"artifacts:helium_flamingo":14,"minecraft:diamond_shovel":1,"minecraft:slime_ball":9,"simplyswords:runic_katana":1,"minecraft:diamond_axe":1,"minecraft:cherry_sapling":1,"minecraft:terracotta":25,"minecraft:coal":268,"immersive_armors:wooden_boots":1,"majruszsdifficulty:tattered_chestplate":2},"minecraft:used":{"immersive_armors:steampunk_chestplate":2,"minecraft:spruce_slab":3,"minecraft:diamond_hoe":1561,"minecraft:chest":2,"minecraft:shield":112,"minecraft:stone":14,"simplyswords:diamond_twinblade":2,"minecraft:nether_bricks":428,"minecraft:carrot":225,"minecraft:obsidian":5,"minecraft:honey_bottle":2,"minecraft:polished_andesite_stairs":1,"minecraft:stone_brick_stairs":1,"minecraft:item_frame":2,"simplyswords:iron_scythe":5,"minecraft:diorite":2,"minecraft:stone_pickaxe":37,"minecraft:blackstone_stairs":4,"minecraft:oak_planks":6,"minecraft:wooden_pickaxe":6,"minecraft:composter":1,"minecraft:diamond_axe":370,"wizards:staff_fire":3,"minecraft:golden_apple":1,"minecraft:dark_oak_trapdoor":3,"minecraft:sand":12,"simplyswords:iron_chakram":5,"simplyswords:runic_katana":765,"minecraft:blast_furnace":3,"wizards:wand_novice":1,"minecraft:crossbow":7,"wizards:staff_arcane":1,"minecraft:bread":27,"minecraft:cyan_carpet":4,"minecraft:lectern":2,"minecraft:red_terracotta":1,"minecraft:diamond_sword":27,"minecraft:grindstone":1,"minecraft:bone_meal":924,"minecraft:experience_bottle":3,"minecraft:enchanting_table":1,"minecraft:flint_and_steel":2,"minecraft:spruce_planks":6,"minecraft:cooked_salmon":2,"minecraft:stone_hoe":96,"minecraft:netherrack":16,"minecraft:torch":443,"minecraft:dirt":36,"minecraft:anvil":3,"simplyswords:iron_katana":93,"minecraft:spruce_fence":2,"minecraft:granite":5,"minecraft:iron_hoe":64,"minecraft:wooden_axe":5,"minecraft:chipped_anvil":1,"minecraft:iron_axe":173,"minecraft:smooth_sandstone":4,"minecraft:golden_carrot":146,"minecraft:cooked_beef":4,"minecraft:orange_terracotta":1,"minecraft:enchanted_golden_apple":1,"minecraft:cooked_mutton":7,"minecraft:water_bucket":19,"simplyswords:diamond_katana":450,"minecraft:birch_planks":6,"minecraft:polished_blackstone_bricks":64,"minecraft:terracotta":25,"minecraft:crafting_table":15,"minecraft:tnt":1,"minecraft:cake":2,"minecraft:dark_prismarine":1,"minecraft:piston":1,"minecraft:diamond_pickaxe":12094,"minecraft:apple":112,"minecraft:diamond_shovel":8,"minecraft:iron_pickaxe":151,"minecraft:cracked_nether_bricks":33,"minecraft:stone_slab":1,"minecraft:stone_axe":31,"minecraft:cobblestone":14,"minecraft:potion":1,"minecraft:cooked_porkchop":4,"minecraft:bucket":20,"minecraft:pumpkin_pie":17}},"DataVersion":3465}