{
  "dungeons_arise:wda_root": {
    "criteria": {
      "WDA": "2024-06-14 20:34:13 +0000"
    },
    "done": true
  },
  "majruszsdifficulty:game_stage_normal": {
    "criteria": {
      "is_triggered": "2024-06-14 20:34:13 +0000"
    },
    "done": true
  },
  "minecraft:recipes/decorations/crafting_table": {
    "criteria": {
      "unlock_right_away": "2024-06-14 20:34:13 +0000"
    },
    "done": true
  },
  "minecraft:adventure/adventuring_time": {
    "criteria": {
      "minecraft:wooded_badlands": "2024-06-14 20:35:00 +0000",
      "minecraft:desert": "2024-06-14 20:34:14 +0000"
    },
    "done": false
  },
  "DataVersion": 3465
}